<?xml version="1.0" encoding="UTF-8"?>
<!DOCTYPE nmaprun>
<?xml-stylesheet href="file:///usr/bin/../share/nmap/nmap.xsl" type="text/xsl"?>
<!-- Nmap 7.91 scan initiated Sat Oct 31 09:52:23 2020 as: nmap -sSVC -p- -oA nmap_full -v 10.10.10.190 -->
<nmaprun scanner="nmap" args="nmap -sSVC -p- -oA nmap_full -v 10.10.10.190" start="1604137943" startstr="Sat Oct 31 09:52:23 2020" version="7.91" xmloutputversion="1.05">
<scaninfo type="syn" protocol="tcp" numservices="65535" services="1-65535"/>
<verbose level="1"/>
<debugging level="0"/>
<taskbegin task="NSE" time="1604137944"/>
<taskend task="NSE" time="1604137944"/>
<taskbegin task="NSE" time="1604137944"/>
<taskend task="NSE" time="1604137944"/>
<taskbegin task="NSE" time="1604137944"/>
<taskend task="NSE" time="1604137944"/>
<taskbegin task="Ping Scan" time="1604137944"/>
<hosthint><status state="up" reason="unknown-response" reason_ttl="0"/>
<address addr="10.10.10.190" addrtype="ipv4"/>
<hostnames>
</hostnames>
</hosthint>
<taskend task="Ping Scan" time="1604137944" extrainfo="1 total hosts"/>
<taskbegin task="Parallel DNS resolution of 1 host." time="1604137944"/>
<taskend task="Parallel DNS resolution of 1 host." time="1604137944"/>
<taskbegin task="SYN Stealth Scan" time="1604137944"/>
<taskprogress task="SYN Stealth Scan" time="1604137975" percent="20.18" remaining="123" etc="1604138098"/>
<taskprogress task="SYN Stealth Scan" time="1604138005" percent="48.49" remaining="65" etc="1604138070"/>
<taskend task="SYN Stealth Scan" time="1604138060" extrainfo="65535 total ports"/>
<taskbegin task="Service scan" time="1604138060"/>
<taskend task="Service scan" time="1604138087" extrainfo="9 services on 1 host"/>
<taskbegin task="NSE" time="1604138087"/>
<taskend task="NSE" time="1604138223"/>
<taskbegin task="NSE" time="1604138223"/>
<taskend task="NSE" time="1604138224"/>
<taskbegin task="NSE" time="1604138224"/>
<taskend task="NSE" time="1604138224"/>
<host starttime="1604137944" endtime="1604138224"><status state="up" reason="echo-reply" reason_ttl="63"/>
<address addr="10.10.10.190" addrtype="ipv4"/>
<hostnames>
</hostnames>
<ports><extraports state="filtered" count="65525">
<extrareasons reason="no-responses" count="65525"/>
</extraports>
<port protocol="tcp" portid="22"><state state="open" reason="syn-ack" reason_ttl="63"/><service name="ssh" product="OpenSSH" version="8.0p1 Ubuntu 6build1" extrainfo="Ubuntu Linux; protocol 2.0" ostype="Linux" method="probed" conf="10"><cpe>cpe:/a:openbsd:openssh:8.0p1</cpe><cpe>cpe:/o:linux:linux_kernel</cpe></service><script id="ssh-hostkey" output="&#xa;  256 9f:b2:4c:5c:de:44:09:14:ce:4f:57:62:0b:f9:71:81 (ED25519)"><table>
<elem key="type">ssh-ed25519</elem>
<elem key="key">AAAAC3NzaC1lZDI1NTE5AAAAIKBlgQxRYUPRb4HLiMO/Ju6qc4vwB+s2R+C2dzZ3rhmN</elem>
<elem key="bits">256</elem>
<elem key="fingerprint">9fb24c5cde440914ce4f57620bf97181</elem>
</table>
</script></port>
<port protocol="tcp" portid="80"><state state="open" reason="syn-ack" reason_ttl="63"/><service name="http" product="Apache httpd" version="2.4.41" extrainfo="(Ubuntu)" method="probed" conf="10"><cpe>cpe:/a:apache:http_server:2.4.41</cpe></service><script id="http-server-header" output="Apache/2.4.41 (Ubuntu)"><elem>Apache/2.4.41 (Ubuntu)</elem>
</script></port>
<port protocol="tcp" portid="3000"><state state="open" reason="syn-ack" reason_ttl="63"/><service name="ppp" servicefp="SF-Port3000-TCP:V=7.91%I=7%D=10/31%Time=5F9D3452%P=x86_64-pc-linux-gnu%r(GenericLines,67,&quot;HTTP/1\.1\x20400\x20Bad\x20Request\r\nContent-Type:\x20text/plain;\x20charset=utf-8\r\nConnection:\x20close\r\n\r\n400\x20Bad\x20Request&quot;)%r(GetRequest,2063,&quot;HTTP/1\.0\x20200\x20OK\r\nContent-Type:\x20text/html;\x20charset=UTF-8\r\nSet-Cookie:\x20lang=en-US;\x20Path=/;\x20Max-Age=2147483647\r\nSet-Cookie:\x20i_like_gogs=cab4d447d0b05838;\x20Path=/;\x20HttpOnly\r\nSet-Cookie:\x20_csrf=AWdLS2HY7sj9MGl_uzy9BIdiyCU6MTYwNDEzODA2Nzk5MDYzMzkwMA%3D%3D;\x20Path=/;\x20Expires=Sun,\x2001\x20Nov\x202020\x2009:54:27\x20GMT;\x20HttpOnly\r\nDate:\x20Sat,\x2031\x20Oct\x202020\x2009:54:27\x20GMT\r\n\r\n&lt;!DOCTYPE\x20html&gt;\n&lt;html&gt;\n&lt;head\x20data-suburl=\&quot;\&quot;&gt;\n\t&lt;meta\x20http-equiv=\&quot;Content-Type\&quot;\x20content=\&quot;text/html;\x20charset=UTF-8\&quot;\x20/&gt;\n\t&lt;meta\x20http-equiv=\&quot;X-UA-Compatible\&quot;\x20content=\&quot;IE=edge\&quot;/&gt;\n\t\n\t\t&lt;meta\x20name=\&quot;author\&quot;\x20content=\&quot;Gogs\&quot;\x20/&gt;\n\t\t&lt;meta\x20name=\&quot;description\&quot;\x20content=\&quot;Gogs\x20is\x20a\x20painless\x20self-hosted\x20Git\x20service\&quot;\x20/&gt;\n\t\t&lt;meta\x20name=\&quot;keywords\&quot;\x20content=\&quot;go,\x20git,\x20self-hosted,\x20gogs\&quot;&gt;\n\t\n\t&lt;meta\x20name=\&quot;referrer\&quot;\x20content=\&quot;no-referrer\&quot;\x20/&gt;\n\t&lt;meta\x20name=\&quot;_csrf\&quot;\x20content=\&quot;AWdLS2HY7sj9MGl_uzy9BIdiyCU6MTYwNDEzODA2Nzk5MDYzMzkwMA==\&quot;\x20/&gt;\n\t&lt;meta\x20name=\&quot;_suburl\&quot;\x20content=\&quot;\&quot;\x20/&gt;\n\t\n\t\n\t\n\t\t&lt;meta\x20proper&quot;)%r(Help,67,&quot;HTTP/1\.1\x20400\x20Bad\x20Request\r\nContent-Type:\x20text/plain;\x20charset=utf-8\r\nConnection:\x20close\r\n\r\n400\x20Bad\x20Request&quot;)%r(HTTPOptions,189F,&quot;HTTP/1\.0\x20404\x20Not\x20Found\r\nContent-Type:\x20text/html;\x20charset=UTF-8\r\nSet-Cookie:\x20lang=en-US;\x20Path=/;\x20Max-Age=2147483647\r\nSet-Cookie:\x20i_like_gogs=cb192a56afa1412c;\x20Path=/;\x20HttpOnly\r\nSet-Cookie:\x20_csrf=WNCCxXx-RAstuqnsdyse0s19mWI6MTYwNDEzODA3MzA3NjcyNTg4Nw%3D%3D;\x20Path=/;\x20Expires=Sun,\x2001\x20Nov\x202020\x2009:54:33\x20GMT;\x20HttpOnly\r\nDate:\x20Sat,\x2031\x20Oct\x202020\x2009:54:33\x20GMT\r\n\r\n&lt;!DOCTYPE\x20html&gt;\n&lt;html&gt;\n&lt;head\x20data-suburl=\&quot;\&quot;&gt;\n\t&lt;meta\x20http-equiv=\&quot;Content-Type\&quot;\x20content=\&quot;text/html;\x20charset=UTF-8\&quot;\x20/&gt;\n\t&lt;meta\x20http-equiv=\&quot;X-UA-Compatible\&quot;\x20content=\&quot;IE=edge\&quot;/&gt;\n\t\n\t\t&lt;meta\x20name=\&quot;author\&quot;\x20content=\&quot;Gogs\&quot;\x20/&gt;\n\t\t&lt;meta\x20name=\&quot;description\&quot;\x20content=\&quot;Gogs\x20is\x20a\x20painless\x20self-hosted\x20Git\x20service\&quot;\x20/&gt;\n\t\t&lt;meta\x20name=\&quot;keywords\&quot;\x20content=\&quot;go,\x20git,\x20self-hosted,\x20gogs\&quot;&gt;\n\t\n\t&lt;meta\x20name=\&quot;referrer\&quot;\x20content=\&quot;no-referrer\&quot;\x20/&gt;\n\t&lt;meta\x20name=\&quot;_csrf\&quot;\x20content=\&quot;WNCCxXx-RAstuqnsdyse0s19mWI6MTYwNDEzODA3MzA3NjcyNTg4Nw==\&quot;\x20/&gt;\n\t&lt;meta\x20name=\&quot;_suburl\&quot;\x20content=\&quot;\&quot;\x20/&gt;\n\t\n\t\n\t\n\t\t&lt;meta&quot;);" method="table" conf="3"/><script id="fingerprint-strings" output="&#xa;  GenericLines, Help: &#xa;    HTTP/1.1 400 Bad Request&#xa;    Content-Type: text/plain; charset=utf-8&#xa;    Connection: close&#xa;    Request&#xa;  GetRequest: &#xa;    HTTP/1.0 200 OK&#xa;    Content-Type: text/html; charset=UTF-8&#xa;    Set-Cookie: lang=en-US; Path=/; Max-Age=2147483647&#xa;    Set-Cookie: i_like_gogs=cab4d447d0b05838; Path=/; HttpOnly&#xa;    Set-Cookie: _csrf=AWdLS2HY7sj9MGl_uzy9BIdiyCU6MTYwNDEzODA2Nzk5MDYzMzkwMA%3D%3D; Path=/; Expires=Sun, 01 Nov 2020 09:54:27 GMT; HttpOnly&#xa;    Date: Sat, 31 Oct 2020 09:54:27 GMT&#xa;    &lt;!DOCTYPE html&gt;&#xa;    &lt;html&gt;&#xa;    &lt;head data-suburl=&quot;&quot;&gt;&#xa;    &lt;meta http-equiv=&quot;Content-Type&quot; content=&quot;text/html; charset=UTF-8&quot; /&gt;&#xa;    &lt;meta http-equiv=&quot;X-UA-Compatible&quot; content=&quot;IE=edge&quot;/&gt;&#xa;    &lt;meta name=&quot;author&quot; content=&quot;Gogs&quot; /&gt;&#xa;    &lt;meta name=&quot;description&quot; content=&quot;Gogs is a painless self-hosted Git service&quot; /&gt;&#xa;    &lt;meta name=&quot;keywords&quot; content=&quot;go, git, self-hosted, gogs&quot;&gt;&#xa;    &lt;meta name=&quot;referrer&quot; content=&quot;no-referrer&quot; /&gt;&#xa;    &lt;meta name=&quot;_csrf&quot; content=&quot;AWdLS2HY7sj9MGl_uzy9BIdiyCU6MTYwNDEzODA2Nzk5MDYzMzkwMA==&quot; /&gt;&#xa;    &lt;meta name=&quot;_suburl&quot; content=&quot;&quot; /&gt;&#xa;    &lt;meta proper&#xa;  HTTPOptions: &#xa;    HTTP/1.0 404 Not Found&#xa;    Content-Type: text/html; charset=UTF-8&#xa;    Set-Cookie: lang=en-US; Path=/; Max-Age=2147483647&#xa;    Set-Cookie: i_like_gogs=cb192a56afa1412c; Path=/; HttpOnly&#xa;    Set-Cookie: _csrf=WNCCxXx-RAstuqnsdyse0s19mWI6MTYwNDEzODA3MzA3NjcyNTg4Nw%3D%3D; Path=/; Expires=Sun, 01 Nov 2020 09:54:33 GMT; HttpOnly&#xa;    Date: Sat, 31 Oct 2020 09:54:33 GMT&#xa;    &lt;!DOCTYPE html&gt;&#xa;    &lt;html&gt;&#xa;    &lt;head data-suburl=&quot;&quot;&gt;&#xa;    &lt;meta http-equiv=&quot;Content-Type&quot; content=&quot;text/html; charset=UTF-8&quot; /&gt;&#xa;    &lt;meta http-equiv=&quot;X-UA-Compatible&quot; content=&quot;IE=edge&quot;/&gt;&#xa;    &lt;meta name=&quot;author&quot; content=&quot;Gogs&quot; /&gt;&#xa;    &lt;meta name=&quot;description&quot; content=&quot;Gogs is a painless self-hosted Git service&quot; /&gt;&#xa;    &lt;meta name=&quot;keywords&quot; content=&quot;go, git, self-hosted, gogs&quot;&gt;&#xa;    &lt;meta name=&quot;referrer&quot; content=&quot;no-referrer&quot; /&gt;&#xa;    &lt;meta name=&quot;_csrf&quot; content=&quot;WNCCxXx-RAstuqnsdyse0s19mWI6MTYwNDEzODA3MzA3NjcyNTg4Nw==&quot; /&gt;&#xa;    &lt;meta name=&quot;_suburl&quot; content=&quot;&quot; /&gt;&#xa;    &lt;meta"><elem key="GenericLines, Help">&#xa;    HTTP/1.1 400 Bad Request&#xa;    Content-Type: text/plain; charset=utf-8&#xa;    Connection: close&#xa;    Request</elem>
<elem key="GetRequest">&#xa;    HTTP/1.0 200 OK&#xa;    Content-Type: text/html; charset=UTF-8&#xa;    Set-Cookie: lang=en-US; Path=/; Max-Age=2147483647&#xa;    Set-Cookie: i_like_gogs=cab4d447d0b05838; Path=/; HttpOnly&#xa;    Set-Cookie: _csrf=AWdLS2HY7sj9MGl_uzy9BIdiyCU6MTYwNDEzODA2Nzk5MDYzMzkwMA%3D%3D; Path=/; Expires=Sun, 01 Nov 2020 09:54:27 GMT; HttpOnly&#xa;    Date: Sat, 31 Oct 2020 09:54:27 GMT&#xa;    &lt;!DOCTYPE html&gt;&#xa;    &lt;html&gt;&#xa;    &lt;head data-suburl=&quot;&quot;&gt;&#xa;    &lt;meta http-equiv=&quot;Content-Type&quot; content=&quot;text/html; charset=UTF-8&quot; /&gt;&#xa;    &lt;meta http-equiv=&quot;X-UA-Compatible&quot; content=&quot;IE=edge&quot;/&gt;&#xa;    &lt;meta name=&quot;author&quot; content=&quot;Gogs&quot; /&gt;&#xa;    &lt;meta name=&quot;description&quot; content=&quot;Gogs is a painless self-hosted Git service&quot; /&gt;&#xa;    &lt;meta name=&quot;keywords&quot; content=&quot;go, git, self-hosted, gogs&quot;&gt;&#xa;    &lt;meta name=&quot;referrer&quot; content=&quot;no-referrer&quot; /&gt;&#xa;    &lt;meta name=&quot;_csrf&quot; content=&quot;AWdLS2HY7sj9MGl_uzy9BIdiyCU6MTYwNDEzODA2Nzk5MDYzMzkwMA==&quot; /&gt;&#xa;    &lt;meta name=&quot;_suburl&quot; content=&quot;&quot; /&gt;&#xa;    &lt;meta proper</elem>
<elem key="HTTPOptions">&#xa;    HTTP/1.0 404 Not Found&#xa;    Content-Type: text/html; charset=UTF-8&#xa;    Set-Cookie: lang=en-US; Path=/; Max-Age=2147483647&#xa;    Set-Cookie: i_like_gogs=cb192a56afa1412c; Path=/; HttpOnly&#xa;    Set-Cookie: _csrf=WNCCxXx-RAstuqnsdyse0s19mWI6MTYwNDEzODA3MzA3NjcyNTg4Nw%3D%3D; Path=/; Expires=Sun, 01 Nov 2020 09:54:33 GMT; HttpOnly&#xa;    Date: Sat, 31 Oct 2020 09:54:33 GMT&#xa;    &lt;!DOCTYPE html&gt;&#xa;    &lt;html&gt;&#xa;    &lt;head data-suburl=&quot;&quot;&gt;&#xa;    &lt;meta http-equiv=&quot;Content-Type&quot; content=&quot;text/html; charset=UTF-8&quot; /&gt;&#xa;    &lt;meta http-equiv=&quot;X-UA-Compatible&quot; content=&quot;IE=edge&quot;/&gt;&#xa;    &lt;meta name=&quot;author&quot; content=&quot;Gogs&quot; /&gt;&#xa;    &lt;meta name=&quot;description&quot; content=&quot;Gogs is a painless self-hosted Git service&quot; /&gt;&#xa;    &lt;meta name=&quot;keywords&quot; content=&quot;go, git, self-hosted, gogs&quot;&gt;&#xa;    &lt;meta name=&quot;referrer&quot; content=&quot;no-referrer&quot; /&gt;&#xa;    &lt;meta name=&quot;_csrf&quot; content=&quot;WNCCxXx-RAstuqnsdyse0s19mWI6MTYwNDEzODA3MzA3NjcyNTg4Nw==&quot; /&gt;&#xa;    &lt;meta name=&quot;_suburl&quot; content=&quot;&quot; /&gt;&#xa;    &lt;meta</elem>
</script></port>
<port protocol="tcp" portid="4369"><state state="open" reason="syn-ack" reason_ttl="63"/><service name="epmd" product="Erlang Port Mapper Daemon" method="probed" conf="10"/><script id="epmd-info" output="ERROR: Script execution failed (use -d to debug)"/></port>
<port protocol="tcp" portid="5672"><state state="open" reason="syn-ack" reason_ttl="63"/><service name="amqp" product="Advanced Message Queue Protocol" method="probed" conf="10"/><script id="amqp-info" output="Unable to open connection: TIMEOUT"/></port>
<port protocol="tcp" portid="11211"><state state="open" reason="syn-ack" reason_ttl="62"/><service name="memcache" method="table" conf="3"/></port>
<port protocol="tcp" portid="25562"><state state="open" reason="syn-ack" reason_ttl="63"/></port>
<port protocol="tcp" portid="25565"><state state="open" reason="syn-ack" reason_ttl="63"/><service name="minecraft" method="table" conf="3"/></port>
<port protocol="tcp" portid="25572"><state state="closed" reason="reset" reason_ttl="63"/></port>
<port protocol="tcp" portid="25672"><state state="open" reason="syn-ack" reason_ttl="63"/></port>
</ports>
<times srtt="2029" rttvar="155" to="100000"/>
</host>
<taskbegin task="NSE" time="1604138224"/>
<taskend task="NSE" time="1604138224"/>
<taskbegin task="NSE" time="1604138224"/>
<taskend task="NSE" time="1604138224"/>
<taskbegin task="NSE" time="1604138224"/>
<taskend task="NSE" time="1604138224"/>
<runstats><finished time="1604138224" timestr="Sat Oct 31 09:57:04 2020" summary="Nmap done at Sat Oct 31 09:57:04 2020; 1 IP address (1 host up) scanned in 281.27 seconds" elapsed="281.27" exit="success"/><hosts up="1" down="0" total="1"/>
</runstats>
</nmaprun>
